Workbook

Sheet Datos
A1: Mes | B1: Ventas | C1: Costos | D1: Margen
A2: Mes 1 | B2: 33692 | C2: 26672 | D2: =B2-C2
A3: Mes 2 | B3: 19824 | C3: 13903 | D3: =B3-C3
A4: Mes 3 | B4: 77792 | C4: 51863 | D4: =B4-C4
A5: Mes 4 | B5: 59078 | C5: 38023 | D5: =B5-C5
A6: Mes 5 | B6: 26539 | C6: 21030 | D6: =B6-C6
A7: Mes 6 | B7: 13601 | C7: 7081 | D7: =B7-C7
A8: Mes 7 | B8: 47189 | C8: 24858 | D8: =B8-C8
A9: Mes 8 | B9: 19481 | C9: 13602 | D9: =B9-C9
A10: Mes 9 | B10: 78403 | C10: 42967 | D10: =B10-C10
A11: Mes 10 | B11: 82286 | C11: 62917 | D11: =B11-C11
A12: Mes 11 | B12: 32455 | C12: 25914 | D12: =B12-C12
A13: Mes 12 | B13: 71909 | C13: 43611 | D13: =B13-C13
... A1001: Mes 1000 | B1001: 39509 | C1001: 23584 | D1001: =B1001-C1001

Sheet Resumen
A1: Métrica | B1: Valor | C1: Fórmula
A2: Total Ventas | B2: =SUM(Datos!B:B) | C2: SUM(Datos!B:B)
A3: Total Costos | B3: =SUM(Datos!C:C) | C3: SUM(Datos!C:C)
A4: Total Margen | B4: =SUM(Datos!D:D) | C4: SUM(Datos!D:D)
A5: Promedio Ventas | B5: =AVERAGE(Datos!B:B) | C5: AVERAGE(Datos!B:B)
A6: Max Ventas | B6: =MAX(Datos!B:B) | C6: MAX(Datos!B:B)
A7: Min Ventas | B7: =MIN(Datos!B:B) | C7: MIN(Datos!B:B)
A8: Count | B8: =COUNTA(Datos!A:A)-1 | C8: COUNTA(Datos!A:A)-1

Sheet Fórmulas Complejas
A1: 1 | B1: 2 | C1: 3 | D1: 4 | E1: 5 | F1: 6 | G1: 7 | H1: 8 | I1: 9 | J1: 10 | K1: 11 | L1: 12 | M1: 13 | N1: 14 | O1: 15 | P1: 16 | Q1: 17 | R1: 18 | S1: 19 | T1: 20 | U1: 21 | V1: 22 | W1: 23 | X1: 24 | Y1: 25 | Z1: 26 | AA1: 27 | AB1: 28 | AC1: 29 | AD1: 30 | AE1: 31 | AF1: 32 | AG1: 33 | AH1: 34 | AI1: 35 | AJ1: 36 | AK1: 37 | AL1: 38 | AM1: 39 | AN1: 40 | AO1: 41 | AP1: 42 | AQ1: 43 | AR1: 44 | AS1: 45 | AT1: 46 | AU1: 47 | AV1: 48 | AW1: 49 | AX1: 50
A2: 2 | B2: =A1+B1 | C2: =B2+C1 | D2: =C2+D1 | E2: =D2+E1 | F2: =E2+F1 | G2: =F2+G1 | H2: =G2+H1 | I2: =H2+I1 | J2: =I2+J1 | ... AX2: =AW2+AX1
A3: 3 | B3: =A3+B2 | C3: =B3+C2 | D3: =C3+D2 | E3: =D3+E2 | F3: =E3+F2 | G3: =F3+G2 | H3: =G3+H2 | I3: =H3+I2 | ... AX3: =AW3+AX2
A4: 4 | B4: =A4+B3 | C4: =B4+C3 | D4: =C4+D3 | E4: =D4+E3 | F4: =E4+F3 | G4: =F4+G3 | H4: =G4+H3 | I4: =H4+I3 | ... AX4: =AW4+AX3
A5: 5 | B5: =A5+B4 | C5: =B5+C4 | D5: =C5+D4 | E5: =D5+E4 | F5: =E5+F4 | G5: =F5+G4 | H5: =G5+H4 | I5: =H5+I4 | ... AX5: =AW5+AX4
A6: 6 | B6: =A6+B5 | C6: =B6+C5 | D6: =C6+D5 | E6: =D6+E5 | F6: =E6+F5 | G6: =F6+G5 | H6: =G6+H5 | I6: =H6+I5 | ... AX6: =AW6+AX5
A7: 7 | B7: =A7+B6 | C7: =B7+C6 | D7: =C7+D6 | E7: =D7+E6 | F7: =E7+F6 | G7: =F7+G6 | H7: =G7+H6 | I7: =H7+I6 | ... AX7: =AW7+AX6
A8: 8 | B8: =A8+B7 | C8: =B8+C7 | D8: =C8+D7 | E8: =D8+E7 | F8: =E8+F7 | G8: =F8+G7 | H8: =G8+H7 | I8: =H8+I7 | ... AX8: =AW8+AX7
A9: 9 | B9: =A9+B8 | C9: =B9+C8 | D9: =C9+D8 | E9: =D9+E8 | F9: =E9+F8 | G9: =F9+G8 | H9: =G9+H8 | I9: =H9+I8 | ... AX9: =AW9+AX8
A10: 10 | B10: =A10+B9 | C10: =B10+C9 | D10: =C10+D9 | E10: =D10+E9 | F10: =E10+F9 | G10: =F10+G9 | H10: =G10+H9 | I10: =H10+I9 | ... AX10: =AW10+AX9
A11: 11 | B11: =A11+B10 | C11: =B11+C10 | D11: =C11+D10 | E11: =D11+E10 | F11: =E11+F10 | G11: =F11+G10 | H11: =G11+H10 | I11: =H11+I10 | ... AX11: =AW11+AX10
A12: 12 | B12: =A12+B11 | C12: =B12+C11 | D12: =C12+D11 | E12: =D12+E11 | F12: =E12+F11 | G12: =F12+G11 | H12: =G12+H11 | I12: =H12+I11 | ... AX12: =AW12+AX11
A13: 13 | B13: =A13+B12 | C13: =B13+C12 | D13: =C13+D12 | E13: =D13+E12 | F13: =E13+F12 | G13: =F13+G12 | H13: =G13+H12 | I13: =H13+I12 | ... AX13: =AW13+AX12
A14: 14 | B14: =A14+B13 | C14: =B14+C13 | D14: =C14+D13 | E14: =D14+E13 | F14: =E14+F13 | G14: =F14+G13 | H14: =G14+H13 | I14: =H14+I13 | ... AX14: =AW14+AX13
... A50: 50 | B50: =A50+B49 | C50: =B50+C49 | D50: =C50+D49 | E50: =D50+E49 | F50: =E50+F49 | G50: =F50+G49 | H50: =G50+H49 | I50: =H50+I49 | ... AX50: =AW50+AX49
